"행정구역별(시군구)","연령별",2016,2016,2016,2017,2017,2017,2018,2018,2018,2019,2019,2019,2020,2020,2020
"행정구역별(시군구)","연령별",1인가구,남자,여자,1인가구,남자,여자,1인가구,남자,여자,1인가구,남자,여자,1인가구,남자,여자
"서울특별시","합계",1138860,544607,594253,1180540,561524,619016,1229421,581944,647477,1299787,611561,688226,1390701,650999,739702
"서울특별시","20세 미만",14937,6174,8763,14190,5769,8421,14487,5629,8858,12806,5010,7796,14185,5345,8840
"서울특별시","20~24",101069,39091,61978,103451,38633,64818,109213,39816,69397,116592,41263,75329,123990,42602,81388
"서울특별시","25~29",169534,84947,84587,179568,90451,89117,195284,97792,97492,216707,106618,110089,238517,114318,124199
"서울특별시","30~34",152434,85936,66498,152797,85828,66969,155740,87035,68705,166340,92561,73779,183573,102247,81326
"서울특별시","35~39",107045,60794,46251,112945,63595,49350,118254,66348,51906,121980,68322,53658,126485,70540,55945
"서울특별시","40~44",88976,52144,36832,87540,50156,37384,84910,48293,36617,85728,48156,37572,91518,51144,40374
"서울특별시","45~49",83763,50151,33612,87497,51922,35575,88852,52190,36662,90140,52545,37595,90186,52330,37856
"서울특별시","50~54",74817,43972,30845,73980,43351,30629,75442,44348,31094,78665,46217,32448,82704,48793,33911
"서울특별시","55~59",79744,39741,40003,83472,42590,40882,83433,43292,40141,84285,44855,39430,84976,46352,38624
"서울특별시","60~64",70085,29683,40402,75860,32292,43568,82818,35991,46827,88456,38575,49881,94834,42318,52516
"서울특별시","65~69",58448,20312,38136,61577,22070,39507,63468,22888,40580,67696,25180,42516,77047,28985,48062
"서울특별시","70~74",51275,14274,37001,52768,14973,37795,56393,16656,39737,61035,18463,42572,65469,20181,45288
"서울특별시","75~79",43075,9731,33344,47620,11185,36435,49529,11828,37701,51747,12486,39261,54109,13245,40864
"서울특별시","80~84",27040,4860,22180,29344,5553,23791,31917,6298,25619,35227,7167,28060,37968,7863,30105
"서울특별시","85세 이상",16618,2797,13821,17931,3156,14775,19681,3540,16141,22383,4143,18240,25140,4736,20404
"종로구","합계",22835,11185,11650,23638,11594,12044,25326,12635,12691,24671,11942,12729,25983,12663,13320
"종로구","20세 미만",526,169,357,507,191,316,798,304,494,507,158,349,398,134,264
"종로구","20~24",2973,1214,1759,2992,1138,1854,3741,1761,1980,3280,1236,2044,3331,1209,2122
"종로구","25~29",3547,1948,1599,3627,2082,1545,4007,2259,1748,3903,2178,1725,4111,2229,1882
"종로구","30~34",2486,1345,1141,2552,1374,1178,2587,1441,1146,2647,1466,1181,2923,1664,1259
"종로구","35~39",1723,900,823,1796,967,829,1880,976,904,1872,959,913,1981,1043,938
"종로구","40~44",1497,859,638,1518,824,694,1454,778,676,1405,727,678,1516,774,742
"종로구","45~49",1633,949,684,1723,982,741,1734,964,770,1704,944,760,1743,983,760
"종로구","50~54",1544,970,574,1540,931,609,1578,908,670,1521,880,641,1612,958,654
"종로구","55~59",1537,829,708,1660,947,713,1683,972,711,1718,993,725,1744,1053,691
"종로구","60~64",1379,716,663,1471,756,715,1508,801,707,1572,817,755,1727,915,812
"종로구","65~69",1072,439,633,1151,502,649,1113,494,619,1201,562,639,1337,625,712
"종로구","70~74",1067,367,700,1065,372,693,1111,409,702,1120,416,704,1156,424,732
"종로구","75~79",894,264,630,998,287,711,1014,307,707,1047,320,727,1108,330,778
"종로구","80~84",579,127,452,608,146,462,674,165,509,704,170,534,749,186,563
"종로구","85세 이상",378,89,289,430,95,335,444,96,348,470,116,354,547,136,411
"중구","합계",19671,9730,9941,20164,9826,10338,20803,10052,10751,22078,10677,11401,22818,11021,11797
"중구","20세 미만",567,172,395,499,149,350,585,180,405,489,164,325,435,140,295
"중구","20~24",2061,874,1187,2097,795,1302,2137,772,1365,2251,807,1444,2250,794,1456
"중구","25~29",2521,1328,1193,2669,1419,1250,2809,1463,1346,3054,1572,1482,3232,1593,1639
"중구","30~34",2140,1211,929,2169,1235,934,2301,1274,1027,2561,1403,1158,2698,1454,1244
"중구","35~39",1595,886,709,1686,916,770,1786,985,801,1920,1046,874,1975,1079,896
"중구","40~44",1461,846,615,1400,785,615,1349,742,607,1462,800,662,1466,807,659
"중구","45~49",1575,981,594,1632,991,641,1589,964,625,1554,906,648,1527,906,621
"중구","50~54",1391,840,551,1367,831,536,1355,812,543,1467,889,578,1541,945,596
"중구","55~59",1482,841,641,1510,841,669,1514,855,659,1534,888,646,1539,883,656
"중구","60~64",1272,646,626,1376,717,659,1443,765,678,1567,815,752,1629,844,785
"중구","65~69",1076,456,620,1097,465,632,1120,486,634,1180,546,634,1372,654,718
"중구","70~74",882,280,602,882,279,603,922,319,603,1031,373,658,1119,422,697
"중구","75~79",849,199,650,912,218,694,898,217,681,896,218,678,897,248,649
"중구","80~84",485,106,379,519,114,405,607,140,467,652,158,494,687,163,524
"중구","85세 이상",314,64,250,349,71,278,388,78,310,460,92,368,451,89,362
"용산구","합계",31641,14511,17130,33076,15176,17900,34240,15794,18446,35148,16204,18944,36881,16880,20001
"용산구","20세 미만",250,69,181,265,69,196,307,60,247,252,60,192,457,45,412
"용산구","20~24",2591,494,2097,2658,542,2116,2620,483,2137,2636,517,2119,2663,525,2138
"용산구","25~29",4108,1945,2163,4614,2129,2485,5056,2388,2668,5349,2532,2817,5646,2641,3005
"용산구","30~34",4316,2425,1891,4620,2631,1989,4813,2717,2096,4985,2747,2238,5550,3051,2499
"용산구","35~39",3191,1746,1445,3503,1883,1620,3764,2040,1724,3959,2158,1801,4110,2236,1874
"용산구","40~44",2771,1547,1224,2638,1440,1198,2644,1449,1195,2701,1470,1231,2903,1558,1345
"용산구","45~49",2604,1477,1127,2742,1547,1195,2720,1516,1204,2729,1524,1205,2629,1454,1175
"용산구","50~54",2090,1222,868,2041,1186,855,2117,1253,864,2158,1240,918,2245,1293,952
"용산구","55~59",2102,1132,970,2195,1183,1012,2132,1188,944,2104,1187,917,2129,1208,921
"용산구","60~64",1938,953,985,1984,999,985,2094,1037,1057,2112,1029,1083,2154,1066,1088
"용산구","65~69",1484,565,919,1535,607,928,1520,629,891,1596,671,925,1723,706,1017
"용산구","70~74",1450,407,1043,1384,399,985,1417,423,994,1460,448,1012,1450,459,991
"용산구","75~79",1280,306,974,1340,316,1024,1320,305,1015,1321,296,1025,1334,280,1054
"용산구","80~84",872,134,738,940,155,785,1022,186,836,1075,202,873,1106,225,881
"용산구","85세 이상",594,89,505,617,90,527,694,120,574,711,123,588,782,133,649
"성동구","합계",37074,19129,17945,39067,19964,19103,40706,20309,20397,41488,20525,20963,42585,20874,21711
"성동구","20세 미만",878,423,455,708,321,387,758,314,444,587,240,347,753,319,434
"성동구","20~24",4276,2046,2230,4467,2052,2415,4756,2090,2666,4709,2016,2693,4850,2035,2815
"성동구","25~29",5706,3241,2465,6284,3551,2733,6529,3560,2969,6878,3696,3182,7052,3754,3298
"성동구","30~34",4400,2576,1824,4603,2679,1924,4752,2725,2027,4907,2775,2132,5008,2792,2216
"성동구","35~39",3225,1900,1325,3560,2091,1469,3642,2055,1587,3655,2032,1623,3709,2081,1628
"성동구","40~44",2824,1701,1123,2876,1665,1211,2802,1619,1183,2752,1566,1186,2790,1553,1237
"성동구","45~49",2833,1772,1061,2877,1743,1134,2967,1751,1216,2990,1722,1268,2864,1643,1221
"성동구","50~54",2561,1638,923,2529,1619,910,2656,1669,987,2670,1687,983,2707,1680,1027
"성동구","55~59",2548,1431,1117,2728,1571,1157,2744,1540,1204,2715,1538,1177,2641,1526,1115
"성동구","60~64",2033,957,1076,2309,1093,1216,2583,1266,1317,2713,1382,1331,2850,1439,1411
"성동구","65~69",1664,554,1110,1767,642,1125,1831,671,1160,1942,743,1199,2170,857,1313
"성동구","70~74",1513,400,1113,1519,391,1128,1654,465,1189,1715,473,1242,1748,499,1249
"성동구","75~79",1356,287,1069,1476,317,1159,1540,321,1219,1557,347,1210,1600,357,1243
"성동구","80~84",801,126,675,880,163,717,981,187,794,1082,198,884,1167,214,953
"성동구","85세 이상",456,77,379,484,66,418,511,76,435,616,110,506,676,125,551
"광진구","합계",53169,25927,27242,54866,26630,28236,56337,27057,29280,58714,28035,30679,62301,29570,32731
"광진구","20세 미만",805,334,471,802,349,453,736,308,428,576,212,364,562,221,341
"광진구","20~24",6136,2403,3733,6280,2395,3885,6523,2436,4087,6710,2429,4281,7283,2682,4601
"광진구","25~29",9929,4884,5045,10335,5132,5203,11198,5498,5700,11939,5864,6075,13249,6256,6993
"광진구","30~34",8069,4358,3711,7976,4309,3667,7919,4211,3708,8398,4424,3974,8991,4820,4171
"광진구","35~39",5156,2866,2290,5421,2930,2491,5555,2985,2570,5649,2980,2669,5692,2959,2733
"광진구","40~44",3903,2320,1583,3936,2277,1659,3718,2139,1579,3767,2130,1637,3968,2187,1781
"광진구","45~49",3680,2221,1459,3814,2277,1537,3738,2191,1547,3711,2163,1548,3600,2123,1477
"광진구","50~54",3278,1966,1312,3276,1969,1307,3220,1939,1281,3423,2071,1352,3534,2077,1457
"광진구","55~59",3292,1692,1600,3405,1786,1619,3490,1844,1646,3544,1932,1612,3576,2023,1553
"광진구","60~64",2590,1092,1498,2881,1230,1651,3136,1412,1724,3392,1570,1822,3646,1691,1955
"광진구","65~69",1939,731,1208,2099,813,1286,2174,823,1351,2286,885,1401,2650,1053,1597
"광진구","70~74",1679,479,1200,1703,529,1174,1857,624,1233,1959,659,1300,2080,697,1383
"광진구","75~79",1353,332,1021,1499,354,1145,1525,356,1169,1621,400,1221,1688,436,1252
"광진구","80~84",828,160,668,901,194,707,978,198,780,1060,211,849,1084,227,857
"광진구","85세 이상",532,89,443,538,86,452,570,93,477,679,105,574,698,118,580
"동대문구","합계",52650,27103,25547,54030,27638,26392,55593,28098,27495,58152,29176,28976,60925,30239,30686
"동대문구","20세 미만",1779,745,1034,1696,720,976,1844,693,1151,1543,602,941,1527,589,938
"동대문구","20~24",8594,3915,4679,8993,3890,5103,9343,3965,5378,10659,4460,6199,10567,4150,6417
"동대문구","25~29",8575,5165,3410,8769,5283,3486,9018,5361,3657,9771,5708,4063,10639,6018,4621
"동대문구","30~34",5331,3210,2121,5316,3239,2077,5328,3245,2083,5351,3202,2149,6001,3489,2512
"동대문구","35~39",3700,2195,1505,3811,2264,1547,3905,2326,1579,3895,2313,1582,4058,2429,1629
"동대문구","40~44",3150,2039,1111,3084,1903,1181,3055,1860,1195,3031,1808,1223,3222,1918,1304
"동대문구","45~49",3152,2009,1143,3309,2132,1177,3321,2084,1237,3289,2059,1230,3316,2082,1234
"동대문구","50~54",3127,1983,1144,3005,1930,1075,3084,1955,1129,3119,2010,1109,3199,2067,1132
"동대문구","55~59",3318,1821,1497,3457,1942,1515,3410,1931,1479,3442,1992,1450,3417,2011,1406
"동대문구","60~64",2986,1427,1559,3211,1543,1668,3477,1685,1792,3618,1734,1884,3907,1942,1965
"동대문구","65~69",2645,1027,1618,2725,1071,1654,2769,1116,1653,2921,1249,1672,3209,1377,1832
"동대문구","70~74",2407,710,1697,2432,736,1696,2526,787,1739,2674,879,1795,2812,945,1867
"동대문구","75~79",2080,517,1563,2255,597,1658,2354,639,1715,2412,638,1774,2425,652,1773
"동대문구","80~84",1156,231,925,1245,243,1002,1361,289,1072,1539,335,1204,1630,352,1278
"동대문구","85세 이상",650,109,541,722,145,577,798,162,636,888,187,701,996,218,778
"중랑구","합계",45717,23176,22541,47543,24000,23543,49207,24711,24496,52196,25988,26208,56605,28068,28537
"중랑구","20세 미만",232,92,140,203,88,115,167,63,104,201,90,111,206,82,124
"중랑구","20~24",1853,712,1141,1909,700,1209,1770,621,1149,2044,702,1342,2361,768,1593
"중랑구","25~29",4027,1922,2105,4294,2077,2217,4767,2311,2456,5604,2667,2937,6577,3088,3489
"중랑구","30~34",4736,2804,1932,4657,2703,1954,4721,2694,2027,5126,2908,2218,5840,3290,2550
"중랑구","35~39",3969,2400,1569,4191,2542,1649,4412,2675,1737,4408,2639,1769,4551,2661,1890
"중랑구","40~44",3801,2331,1470,3662,2208,1454,3466,2112,1354,3431,2051,1380,3734,2226,1508
"중랑구","45~49",4326,2804,1522,4427,2831,1596,4372,2764,1608,4246,2663,1583,4170,2616,1554
"중랑구","50~54",4585,2922,1663,4566,2892,1674,4623,2907,1716,4645,2944,1701,4738,3011,1727
"중랑구","55~59",4829,2619,2210,5088,2835,2253,5165,2927,2238,5400,3134,2266,5514,3284,2230
"중랑구","60~64",3846,1828,2018,4270,2057,2213,4804,2354,2450,5214,2506,2708,5634,2764,2870
"중랑구","65~69",3054,1180,1874,3266,1291,1975,3368,1350,2018,3687,1544,2143,4398,1863,2535
"중랑구","70~74",2559,727,1832,2655,789,1866,2846,848,1998,3098,975,2123,3362,1108,2254
"중랑구","75~79",2010,495,1515,2325,598,1727,2484,634,1850,2544,658,1886,2713,734,1979
"중랑구","80~84",1195,232,963,1256,252,1004,1407,311,1096,1591,343,1248,1717,386,1331
"중랑구","85세 이상",695,108,587,774,137,637,835,140,695,957,164,793,1090,187,903
"성북구","합계",54117,24615,29502,54243,24560,29683,55136,24777,30359,57832,26131,31701,61510,27229,34281
"성북구","20세 미만",1680,587,1093,1514,537,977,1616,510,1106,1355,447,908,1931,640,1291
"성북구","20~24",9914,3642,6272,9815,3590,6225,10144,3628,6516,10608,3753,6855,11271,3803,7468
"성북구","25~29",8350,4544,3806,8330,4552,3778,8478,4655,3823,9391,5134,4257,9696,5118,4578
"성북구","30~34",5096,2862,2234,4976,2819,2157,4877,2758,2119,5161,2964,2197,5663,3275,2388
"성북구","35~39",3577,2135,1442,3660,2086,1574,3663,2084,1579,3810,2179,1631,3971,2196,1775
"성북구","40~44",3287,1884,1403,3120,1765,1355,2843,1603,1240,2938,1666,1272,3167,1757,1410
"성북구","45~49",3399,2046,1353,3450,2006,1444,3468,1966,1502,3513,1990,1523,3410,1928,1482
"성북구","50~54",3024,1713,1311,2905,1658,1247,2947,1728,1219,3125,1854,1271,3379,1984,1395
"성북구","55~59",3245,1594,1651,3380,1720,1660,3305,1727,1578,3397,1765,1632,3335,1786,1549
"성북구","60~64",3023,1232,1791,3167,1293,1874,3425,1441,1984,3598,1537,2061,3916,1693,2223
"성북구","65~69",2574,845,1729,2610,870,1740,2681,918,1763,2773,977,1796,3160,1094,2066
"성북구","70~74",2544,656,1888,2546,672,1874,2655,712,1943,2779,746,2033,2882,779,2103
"성북구","75~79",2236,481,1755,2379,534,1845,2433,539,1894,2486,553,1933,2574,574,2000
"성북구","80~84",1356,238,1118,1491,284,1207,1626,314,1312,1772,345,1427,1898,360,1538
"성북구","85세 이상",812,156,656,900,174,726,975,194,781,1126,221,905,1257,242,1015
"강북구","합계",36668,16871,19797,39082,17809,21273,40872,18508,22364,42791,19517,23274,45685,20958,24727
"강북구","20세 미만",199,56,143,323,61,262,324,59,265,295,71,224,288,64,224
"강북구","20~24",1814,544,1270,2178,562,1616,2556,599,1957,2816,696,2120,3037,780,2257
"강북구","25~29",3119,1550,1569,3518,1731,1787,3895,1891,2004,4321,2114,2207,4894,2339,2555
"강북구","30~34",3258,1887,1371,3251,1896,1355,3225,1877,1348,3369,1969,1400,3695,2163,1532
"강북구","35~39",2892,1704,1188,2962,1756,1206,3080,1852,1228,3028,1827,1201,3016,1810,1206
"강북구","40~44",2804,1669,1135,2789,1642,1147,2632,1562,1070,2572,1507,1065,2788,1710,1078
"강북구","45~49",3089,1853,1236,3319,1971,1348,3352,1991,1361,3303,1954,1349,3276,1934,1342
"강북구","50~54",3211,1879,1332,3180,1853,1327,3242,1866,1376,3395,1964,1431,3479,2059,1420
"강북구","55~59",3548,1765,1783,3808,1935,1873,3827,1988,1839,3864,2076,1788,3999,2181,1818
"강북구","60~64",3232,1394,1838,3499,1539,1960,3885,1745,2140,4197,1922,2275,4509,2114,2395
"강북구","65~69",2887,1006,1881,3097,1099,1998,3176,1140,2036,3337,1270,2067,3754,1501,2253
"강북구","70~74",2618,714,1904,2665,742,1923,2793,794,1999,3075,920,2155,3274,1001,2273
"강북구","75~79",2079,473,1606,2419,584,1835,2598,637,1961,2707,668,2039,2910,697,2213
"강북구","80~84",1251,264,987,1344,301,1043,1504,367,1137,1649,388,1261,1778,413,1365
"강북구","85세 이상",667,113,554,730,137,593,783,140,643,863,171,692,988,192,796
"도봉구","합계",28296,12607,15689,29469,13093,16376,30848,13586,17262,32653,14396,18257,34884,15438,19446
"도봉구","20세 미만",245,65,180,221,51,170,194,41,153,159,49,110,196,38,158
"도봉구","20~24",1335,316,1019,1340,324,1016,1356,320,1036,1509,368,1141,1612,390,1222
"도봉구","25~29",1794,904,890,1938,956,982,2105,1054,1051,2452,1158,1294,2816,1351,1465
"도봉구","30~34",2121,1254,867,2180,1309,871,2180,1281,899,2299,1327,972,2536,1447,1089
"도봉구","35~39",2138,1260,878,2145,1253,892,2276,1339,937,2371,1401,970,2427,1431,996
"도봉구","40~44",2256,1327,929,2186,1255,931,2062,1166,896,2070,1169,901,2217,1264,953
"도봉구","45~49",2518,1457,1061,2625,1505,1120,2674,1507,1167,2713,1539,1174,2632,1519,1113
"도봉구","50~54",2435,1427,1008,2445,1421,1024,2616,1492,1124,2663,1501,1162,2814,1578,1236
"도봉구","55~59",2899,1424,1475,3067,1497,1570,3069,1527,1542,3102,1588,1514,3193,1613,1580
"도봉구","60~64",2511,1042,1469,2802,1185,1617,3219,1353,1866,3457,1489,1968,3735,1656,2079
"도봉구","65~69",2204,764,1440,2350,871,1479,2412,879,1533,2595,978,1617,2957,1140,1817
"도봉구","70~74",1989,560,1429,2042,579,1463,2206,663,1543,2395,725,1670,2604,827,1777
"도봉구","75~79",1836,405,1431,2012,455,1557,2126,473,1653,2231,548,1683,2273,568,1705
"도봉구","80~84",1232,235,997,1310,253,1057,1432,286,1146,1607,345,1262,1748,380,1368
"도봉구","85세 이상",783,167,616,806,179,627,921,205,716,1030,211,819,1124,236,888
"노원구","합계",47641,20427,27214,49265,20740,28525,51280,21674,29606,53365,22556,30809,56438,23701,32737
"노원구","20세 미만",1246,596,650,1168,486,682,854,364,490,724,304,420,590,182,408
"노원구","20~24",5310,2545,2765,5505,2477,3028,5541,2375,3166,5509,2421,3088,5554,2223,3331
"노원구","25~29",3811,2238,1573,4102,2406,1696,4512,2644,1868,4848,2825,2023,5204,2938,2266
"노원구","30~34",3361,1991,1370,3274,1948,1326,3343,2022,1321,3449,2056,1393,3900,2293,1607
"노원구","35~39",3107,1758,1349,3137,1759,1378,3333,1875,1458,3391,1927,1464,3530,1999,1531
"노원구","40~44",3347,1838,1509,3106,1687,1419,3015,1615,1400,2985,1625,1360,3164,1708,1456
"노원구","45~49",3316,1795,1521,3418,1817,1601,3574,1944,1630,3656,1990,1666,3700,1991,1709
"노원구","50~54",3205,1619,1586,3139,1605,1534,3321,1698,1623,3507,1785,1722,3764,1972,1792
"노원구","55~59",4010,1734,2276,4106,1809,2297,4107,1797,2310,4065,1819,2246,4025,1853,2172
"노원구","60~64",3924,1406,2518,4281,1538,2743,4660,1732,2928,4932,1807,3125,5269,2028,3241
"노원구","65~69",3511,1008,2503,3746,1095,2651,3955,1213,2742,4195,1327,2868,4757,1555,3202
"노원구","70~74",3407,818,2589,3442,834,2608,3729,980,2749,4048,1068,2980,4359,1208,3151
"노원구","75~79",3028,600,2428,3414,733,2681,3518,767,2751,3753,827,2926,3924,885,3039
"노원구","80~84",1911,303,1608,2144,350,1794,2365,407,1958,2608,477,2131,2779,529,2250
"노원구","85세 이상",1147,178,969,1283,196,1087,1453,241,1212,1695,298,1397,1919,337,1582
"은평구","합계",44440,19908,24532,46535,20727,25808,48888,21694,27194,52814,23209,29605,57853,25221,32632
"은평구","20세 미만",207,82,125,198,90,108,235,89,146,251,114,137,235,85,150
"은평구","20~24",1773,613,1160,1970,669,1301,2066,683,1383,2539,802,1737,2967,919,2048
"은평구","25~29",4511,2199,2312,4804,2322,2482,5404,2503,2901,6610,3007,3603,7707,3319,4388
"은평구","30~34",5106,2774,2332,5137,2861,2276,5345,2960,2385,5708,3091,2617,6490,3471,3019
"은평구","35~39",4227,2349,1878,4421,2422,1999,4631,2563,2068,4901,2637,2264,5182,2813,2369
"은평구","40~44",3890,2188,1702,3745,2036,1709,3664,1945,1719,3679,1978,1701,3982,2157,1825
"은평구","45~49",3667,2051,1616,3896,2180,1716,4054,2280,1774,4184,2327,1857,4294,2368,1926
"은평구","50~54",3345,1853,1492,3338,1808,1530,3458,1879,1579,3602,1996,1606,3853,2103,1750
"은평구","55~59",3938,1788,2150,4099,1936,2163,4013,1922,2091,4112,2003,2109,4116,2065,2051
"은평구","60~64",3445,1399,2046,3859,1537,2322,4287,1738,2549,4555,1820,2735,5007,2023,2984
"은평구","65~69",3049,951,2098,3175,1055,2120,3279,1118,2161,3532,1213,2319,3999,1388,2611
"은평구","70~74",2853,738,2115,2906,737,2169,3104,855,2249,3280,939,2341,3615,1077,2538
"은평구","75~79",2340,536,1804,2671,608,2063,2743,642,2101,2880,676,2204,3054,724,2330
"은평구","80~84",1379,248,1131,1512,299,1213,1686,334,1352,1904,383,1521,2126,454,1672
"은평구","85세 이상",710,139,571,804,167,637,919,183,736,1077,223,854,1226,255,971
"서대문구","합계",43298,18918,24380,43418,18891,24527,44795,19553,25242,46449,20161,26288,49863,21359,28504
"서대문구","20세 미만",980,283,697,797,252,545,831,266,565,744,214,530,988,231,757
"서대문구","20~24",7930,2627,5303,7678,2521,5157,7947,2544,5403,8292,2705,5587,8945,2730,6215
"서대문구","25~29",7560,3838,3722,7745,3931,3814,8048,4213,3835,8485,4319,4166,8982,4523,4459
"서대문구","30~34",4599,2500,2099,4468,2451,2017,4591,2530,2061,4713,2617,2096,5420,2950,2470
"서대문구","35~39",3127,1732,1395,3149,1717,1432,3275,1747,1528,3337,1813,1524,3587,1908,1679
"서대문구","40~44",2559,1399,1160,2536,1395,1141,2512,1381,1131,2480,1342,1138,2629,1411,1218
"서대문구","45~49",2525,1434,1091,2596,1401,1195,2672,1475,1197,2673,1442,1231,2682,1439,1243
"서대문구","50~54",2258,1327,931,2164,1231,933,2131,1205,926,2282,1238,1044,2465,1369,1096
"서대문구","55~59",2337,1129,1208,2391,1164,1227,2398,1175,1223,2444,1225,1219,2522,1305,1217
"서대문구","60~64",2204,900,1304,2324,956,1368,2545,1026,1519,2661,1103,1558,2744,1157,1587
"서대문구","65~69",1928,645,1283,1938,661,1277,1995,712,1283,2104,749,1355,2323,844,1479
"서대문구","70~74",1812,441,1371,1870,481,1389,1950,518,1432,2015,543,1472,2138,593,1545
"서대문구","75~79",1809,387,1422,1922,409,1513,1874,408,1466,1923,416,1507,1954,422,1532
"서대문구","80~84",1077,176,901,1200,206,994,1317,237,1080,1475,293,1182,1539,297,1242
"서대문구","85세 이상",593,100,493,640,115,525,709,116,593,821,142,679,945,180,765
"마포구","합계",53382,24004,29378,54162,24036,30126,56837,24992,31845,59248,25671,33577,63172,27264,35908
"마포구","20세 미만",637,281,356,611,244,367,782,361,421,554,256,298,663,295,368
"마포구","20~24",5998,2285,3713,5804,2186,3618,6067,2188,3879,6608,2273,4335,6993,2435,4558
"마포구","25~29",9908,4714,5194,10359,4885,5474,11271,5191,6080,12239,5543,6696,13204,5870,7334
"마포구","30~34",8997,4624,4373,8698,4340,4358,9031,4532,4499,9331,4610,4721,10088,4995,5093
"마포구","35~39",5840,2978,2862,6091,3118,2973,6456,3299,3157,6562,3298,3264,6872,3403,3469
"마포구","40~44",4454,2323,2131,4328,2200,2128,4274,2116,2158,4275,2122,2153,4516,2270,2246
"마포구","45~49",3450,1890,1560,3646,1936,1710,3784,1978,1806,3934,2006,1928,4053,2021,2032
"마포구","50~54",2533,1372,1161,2578,1378,1200,2715,1453,1262,2794,1489,1305,2967,1571,1396
"마포구","55~59",2465,1153,1312,2526,1202,1324,2516,1188,1328,2502,1199,1303,2576,1280,1296
"마포구","60~64",2154,790,1364,2243,846,1397,2351,876,1475,2501,954,1547,2671,1057,1614
"마포구","65~69",1925,571,1354,1978,605,1373,1995,616,1379,1971,644,1327,2199,716,1483
"마포구","70~74",1840,428,1412,1804,418,1386,1891,457,1434,2013,488,1525,2099,500,1599
"마포구","75~79",1552,323,1229,1715,358,1357,1804,390,1414,1861,411,1450,1922,420,1502
"마포구","80~84",1051,176,875,1149,211,938,1210,226,984,1302,232,1070,1416,254,1162
"마포구","85세 이상",578,96,482,632,109,523,690,121,569,801,146,655,933,177,756
"양천구","합계",32878,15374,17504,33088,15252,17836,34304,15827,18477,36345,16658,19687,39436,18058,21378
"양천구","20세 미만",166,89,77,149,78,71,149,77,72,142,65,77,144,67,77
"양천구","20~24",1112,486,626,986,363,623,1047,413,634,1182,404,778,1250,440,810
"양천구","25~29",2674,1301,1373,2691,1309,1382,2894,1432,1462,3314,1585,1729,4031,1893,2138
"양천구","30~34",3429,2022,1407,3267,1910,1357,3307,1929,1378,3489,1991,1498,3987,2323,1664
"양천구","35~39",2893,1712,1181,2943,1704,1239,3127,1801,1326,3174,1866,1308,3344,1944,1400
"양천구","40~44",2909,1653,1256,2738,1557,1181,2572,1507,1065,2653,1508,1145,2695,1521,1174
"양천구","45~49",2978,1710,1268,2949,1700,1249,2853,1634,1219,2929,1671,1258,2967,1679,1288
"양천구","50~54",2771,1601,1170,2683,1513,1170,2763,1543,1220,2797,1626,1171,2853,1667,1186
"양천구","55~59",3174,1574,1600,3322,1652,1670,3265,1691,1574,3252,1707,1545,3346,1784,1562
"양천구","60~64",2925,1209,1716,3078,1247,1831,3377,1415,1962,3668,1571,2097,3972,1688,2284
"양천구","65~69",2356,843,1513,2505,925,1580,2667,958,1709,2865,1042,1823,3382,1259,2123
"양천구","70~74",1939,548,1391,1987,570,1417,2191,636,1555,2472,738,1734,2698,820,1878
"양천구","75~79",1692,342,1350,1780,394,1386,1877,421,1456,1971,434,1537,2109,483,1626
"양천구","80~84",1144,180,964,1218,209,1009,1306,223,1083,1447,271,1176,1587,297,1290
"양천구","85세 이상",716,104,612,792,121,671,909,147,762,990,179,811,1071,193,878
"강서구","합계",60988,28199,32789,68237,31534,36703,73011,33780,39231,79371,36229,43142,86172,39138,47034
"강서구","20세 미만",279,124,155,256,100,156,270,119,151,325,133,192,336,133,203
"강서구","20~24",2839,827,2012,3471,959,2512,3526,955,2571,4108,1071,3037,4442,1151,3291
"강서구","25~29",8418,3607,4811,10220,4467,5753,11614,4949,6665,13600,5637,7963,15643,6280,9363
"강서구","30~34",8827,5007,3820,9894,5574,4320,10521,5921,4600,11648,6427,5221,13177,7192,5985
"강서구","35~39",6333,3659,2674,7363,4217,3146,7969,4621,3348,8271,4799,3472,8898,5171,3727
"강서구","40~44",5100,2973,2127,5414,3180,2234,5481,3146,2335,5633,3210,2423,5919,3340,2579
"강서구","45~49",4440,2606,1834,4807,2777,2030,5219,3044,2175,5369,3120,2249,5333,3104,2229
"강서구","50~54",4049,2208,1841,4186,2336,1850,4236,2378,1858,4560,2571,1989,4775,2728,2047
"강서구","55~59",4872,2294,2578,5143,2433,2710,5176,2514,2662,5115,2525,2590,5080,2595,2485
"강서구","60~64",4362,1804,2558,4926,2002,2924,5512,2255,3257,5906,2427,3479,6275,2617,3658
"강서구","65~69",3534,1252,2282,3798,1354,2444,4042,1492,2550,4447,1644,2803,5142,1891,3251
"강서구","70~74",2877,845,2032,3154,960,2194,3450,1084,2366,3815,1233,2582,4101,1379,2722
"강서구","75~79",2368,526,1842,2673,656,2017,2825,719,2106,2984,748,2236,3138,787,2351
"강서구","80~84",1589,268,1321,1726,304,1422,1875,333,1542,2097,396,1701,2226,457,1769
"강서구","85세 이상",1101,199,902,1206,215,991,1295,250,1045,1493,288,1205,1687,313,1374
"구로구","합계",42055,21128,20927,42984,21366,21618,44151,21887,22264,47740,23455,24285,50971,25085,25886
"구로구","20세 미만",243,109,134,203,100,103,236,92,144,232,106,126,232,120,112
"구로구","20~24",2217,721,1496,2113,690,1423,2184,704,1480,2609,824,1785,2675,877,1798
"구로구","25~29",5664,2616,3048,5707,2673,3034,6136,2873,3263,7184,3360,3824,7671,3599,4072
"구로구","30~34",5767,3523,2244,5515,3263,2252,5425,3213,2212,5957,3472,2485,6607,3838,2769
"구로구","35~39",4175,2611,1564,4323,2651,1672,4288,2638,1650,4424,2693,1731,4631,2807,1824
"구로구","40~44",3594,2330,1264,3503,2176,1327,3324,2058,1266,3317,2068,1249,3457,2083,1374
"구로구","45~49",3409,2223,1186,3527,2282,1245,3623,2329,1294,3687,2328,1359,3812,2407,1405
"구로구","50~54",3073,1900,1173,3058,1909,1149,3040,1943,1097,3283,2083,1200,3447,2206,1241
"구로구","55~59",3252,1686,1566,3516,1853,1663,3528,1905,1623,3553,1971,1582,3668,2124,1544
"구로구","60~64",2902,1262,1640,3153,1378,1775,3406,1534,1872,3699,1659,2040,3952,1808,2144
"구로구","65~69",2462,908,1554,2523,971,1552,2629,977,1652,2833,1070,1763,3271,1221,2050
"구로구","70~74",2037,607,1430,2155,654,1501,2328,752,1576,2616,849,1767,2785,879,1906
"구로구","75~79",1658,371,1287,1886,441,1445,1970,475,1495,2066,525,1541,2187,584,1603
"구로구","80~84",1053,176,877,1177,220,957,1311,268,1043,1466,301,1165,1610,346,1264
"구로구","85세 이상",549,85,464,625,105,520,723,126,597,814,146,668,966,186,780
"금천구","합계",31728,17721,14007,32928,18305,14623,34564,19079,15485,37778,20699,17079,42334,22847,19487
"금천구","20세 미만",98,42,56,102,47,55,104,47,57,138,55,83,139,53,86
"금천구","20~24",1289,473,816,1367,494,873,1552,529,1023,1881,644,1237,2288,734,1554
"금천구","25~29",4058,2401,1657,4316,2457,1859,5105,2870,2235,6120,3358,2762,7518,3891,3627
"금천구","30~34",3931,2682,1249,4092,2778,1314,4131,2761,1370,4790,3168,1622,5718,3726,1992
"금천구","35~39",2666,1834,832,2832,1904,928,3075,2087,988,3370,2289,1081,3615,2382,1233
"금천구","40~44",2603,1719,884,2443,1624,819,2382,1552,830,2326,1523,803,2607,1684,923
"금천구","45~49",2895,1952,943,2971,2005,966,2837,1899,938,2887,1892,995,2842,1877,965
"금천구","50~54",3100,2028,1072,2965,1939,1026,2927,1924,1003,2966,1933,1033,3178,2076,1102
"금천구","55~59",2889,1631,1258,3186,1871,1315,3257,1952,1305,3339,2037,1302,3427,2129,1298
"금천구","60~64",2422,1186,1236,2612,1279,1333,2787,1413,1374,3048,1542,1506,3383,1776,1607
"금천구","65~69",1795,729,1066,1950,787,1163,2079,855,1224,2186,906,1280,2470,1034,1436
"금천구","70~74",1529,489,1040,1547,522,1025,1624,547,1077,1762,619,1143,1957,711,1246
"금천구","75~79",1264,325,939,1368,354,1014,1450,372,1078,1531,409,1122,1565,407,1158
"금천구","80~84",739,154,585,767,169,598,815,193,622,923,220,703,1006,241,765
"금천구","85세 이상",450,76,374,410,75,335,439,78,361,511,104,407,621,126,495
"영등포구","합계",49453,25060,24393,51151,25953,25198,53477,27090,26387,58214,29297,28917,64000,32099,31901
"영등포구","20세 미만",223,107,116,195,83,112,186,82,104,251,112,139,189,73,116
"영등포구","20~24",2646,805,1841,2776,874,1902,2919,847,2072,3277,939,2338,3622,1061,2561
"영등포구","25~29",8417,3935,4482,8938,4271,4667,10054,4860,5194,11754,5503,6251,13418,6199,7219
"영등포구","30~34",7904,4715,3189,8088,4768,3320,8547,4995,3552,9638,5639,3999,11074,6492,4582
"영등포구","35~39",4677,2794,1883,5050,3013,2037,5512,3299,2213,5907,3504,2403,6350,3717,2633
"영등포구","40~44",3868,2399,1469,3835,2295,1540,3656,2188,1468,3781,2234,1547,4144,2444,1700
"영등포구","45~49",3766,2441,1325,3866,2506,1360,3894,2438,1456,3938,2456,1482,4066,2506,1560
"영등포구","50~54",3481,2212,1269,3345,2098,1247,3264,2088,1176,3298,2122,1176,3583,2312,1271
"영등포구","55~59",3427,1880,1547,3559,2015,1544,3538,2070,1468,3604,2171,1433,3674,2254,1420
"영등포구","60~64",2895,1417,1478,3022,1469,1553,3229,1585,1644,3507,1748,1759,3844,1947,1897
"영등포구","65~69",2495,986,1509,2557,1062,1495,2517,1037,1480,2634,1112,1522,2955,1230,1725
"영등포구","70~74",2064,635,1429,2035,637,1398,2148,726,1422,2352,828,1524,2513,877,1636
"영등포구","75~79",1766,415,1351,1901,498,1403,1933,491,1442,2014,495,1519,2048,522,1526
"영등포구","80~84",1150,214,936,1271,237,1034,1286,251,1035,1378,288,1090,1497,284,1213
"영등포구","85세 이상",674,105,569,713,127,586,794,133,661,881,146,735,1023,181,842
"동작구","합계",52954,25960,26994,54355,26389,27966,56872,27452,29420,60088,28746,31342,64101,30327,33774
"동작구","20세 미만",1140,539,601,1151,533,618,1108,499,609,891,385,506,1261,631,630
"동작구","20~24",6760,3037,3723,6972,3044,3928,7600,3235,4365,7837,3158,4679,8592,3330,5262
"동작구","25~29",10569,5674,4895,10905,5844,5061,11880,6381,5499,13256,6917,6339,14153,7114,7039
"동작구","30~34",7978,4570,3408,7832,4489,3343,7798,4428,3370,8329,4772,3557,9131,5229,3902
"동작구","35~39",4665,2770,1895,4834,2811,2023,5075,2955,2120,5228,3018,2210,5246,3037,2209
"동작구","40~44",3629,2159,1470,3490,2046,1444,3357,1944,1413,3396,1999,1397,3606,2084,1522
"동작구","45~49",3059,1796,1263,3194,1901,1293,3294,1926,1368,3325,1982,1343,3322,1947,1375
"동작구","50~54",2524,1434,1090,2517,1443,1074,2533,1466,1067,2775,1576,1199,2849,1605,1244
"동작구","55~59",2751,1273,1478,2851,1374,1477,2889,1408,1481,2804,1458,1346,2774,1470,1304
"동작구","60~64",2397,898,1499,2612,991,1621,2885,1134,1751,3060,1186,1874,3244,1333,1911
"동작구","65~69",2215,681,1534,2322,695,1627,2365,712,1653,2575,833,1742,2813,938,1875
"동작구","70~74",1960,497,1463,2044,521,1523,2218,573,1645,2396,613,1783,2585,661,1924
"동작구","75~79",1632,344,1288,1840,387,1453,1914,433,1481,1983,441,1542,2055,471,1584
"동작구","80~84",1047,179,868,1133,199,934,1252,229,1023,1383,264,1119,1488,295,1193
"동작구","85세 이상",628,109,519,658,111,547,704,129,575,850,144,706,982,182,800
"관악구","합계",103972,55799,48173,106865,57078,49787,112733,59445,53288,119863,62600,57263,129233,67665,61568
"관악구","20세 미만",1053,539,514,1102,546,556,1048,490,558,1023,466,557,1121,568,553
"관악구","20~24",12313,5349,6964,12502,5143,7359,13855,5417,8438,14851,5555,9296,15893,5979,9914
"관악구","25~29",25782,13971,11811,27300,14922,12378,30179,16273,13906,33127,17438,15689,36331,18870,17461
"관악구","30~34",18425,11369,7056,18199,11176,7023,18649,11355,7294,19915,12185,7730,21802,13358,8444
"관악구","35~39",10026,6321,3705,10463,6542,3921,10804,6662,4142,10984,6833,4151,11342,7096,4246
"관악구","40~44",7119,4768,2351,6833,4479,2354,6507,4222,2285,6510,4147,2363,7063,4496,2567
"관악구","45~49",5673,3756,1917,5925,3944,1981,6054,4026,2028,6184,4097,2087,6273,4202,2071
"관악구","50~54",4635,2889,1746,4620,2892,1728,4775,3108,1667,4995,3217,1778,5345,3450,1895
"관악구","55~59",4627,2340,2287,4783,2514,2269,4824,2594,2230,4930,2799,2131,5066,3001,2065
"관악구","60~64",3986,1686,2300,4223,1813,2410,4535,2033,2502,4844,2206,2638,5321,2523,2798
"관악구","65~69",3294,1130,2164,3408,1250,2158,3433,1242,2191,3683,1410,2273,4163,1658,2505
"관악구","70~74",2836,800,2036,2887,835,2052,3144,947,2197,3388,1069,2319,3553,1135,2418
"관악구","75~79",2261,530,1731,2515,598,1917,2634,618,2016,2763,645,2118,2914,715,2199
"관악구","80~84",1205,254,951,1340,290,1050,1476,316,1160,1719,366,1353,1946,414,1532
"관악구","85세 이상",737,97,640,765,134,631,816,142,674,947,167,780,1100,200,900
"서초구","합계",38357,16947,21410,39702,17483,22219,41137,18082,23055,42667,18792,23875,43942,19142,24800
"서초구","20세 미만",502,189,313,537,202,335,504,210,294,521,227,294,600,208,392
"서초구","20~24",2364,773,1591,2426,790,1636,2517,856,1661,2550,851,1699,2884,910,1974
"서초구","25~29",5653,2408,3245,5925,2565,3360,6108,2649,3459,6448,2840,3608,6560,2861,3699
"서초구","30~34",6542,3307,3235,6375,3187,3188,6477,3259,3218,6800,3399,3401,7187,3658,3529
"서초구","35~39",4759,2441,2318,5005,2575,2430,5323,2661,2662,5479,2816,2663,5366,2733,2633
"서초구","40~44",3629,1962,1667,3696,1881,1815,3632,1855,1777,3621,1809,1812,3703,1796,1907
"서초구","45~49",3156,1685,1471,3387,1844,1543,3560,1910,1650,3590,1888,1702,3377,1776,1601
"서초구","50~54",2282,1183,1099,2279,1187,1092,2441,1244,1197,2593,1349,1244,2697,1433,1264
"서초구","55~59",2265,997,1268,2331,1078,1253,2335,1081,1254,2336,1110,1226,2237,1058,1179
"서초구","60~64",2053,735,1318,2166,760,1406,2352,883,1469,2452,896,1556,2440,915,1525
"서초구","65~69",1586,472,1114,1705,542,1163,1785,547,1238,1858,576,1282,2125,651,1474
"서초구","70~74",1310,380,930,1459,403,1056,1520,395,1125,1640,449,1191,1800,492,1308
"서초구","75~79",1014,201,813,1087,230,857,1201,271,930,1275,296,979,1342,318,1024
"서초구","80~84",727,135,592,760,143,617,784,149,635,829,167,662,903,188,715
"서초구","85세 이상",515,79,436,564,96,468,598,112,486,675,119,556,721,145,576
"강남구","합계",61998,26157,35841,62774,26515,36259,62727,26718,36009,66073,28187,37886,68999,29446,39553
"강남구","20세 미만",572,278,294,539,260,279,421,178,243,607,276,331,498,246,252
"강남구","20~24",3290,1066,2224,3277,1089,2188,3182,1006,2176,3362,1056,2306,3590,1107,2483
"강남구","25~29",9652,3759,5893,9692,3878,5814,9982,4149,5833,10619,4458,6161,11221,4629,6592
"강남구","30~34",11904,5498,6406,11378,5240,6138,10967,5045,5922,11474,5312,6162,12034,5732,6302
"강남구","35~39",8747,4046,4701,8980,4177,4803,9206,4338,4868,9386,4451,4935,9433,4449,4984
"강남구","40~44",5937,2968,2969,5878,2862,3016,5786,2869,2917,5964,2866,3098,6373,3086,3287
"강남구","45~49",4585,2479,2106,4856,2627,2229,4805,2604,2201,5095,2732,2363,5181,2664,2517
"강남구","50~54",3313,1725,1588,3331,1717,1614,3342,1763,1579,3551,1866,1685,3700,1987,1713
"강남구","55~59",3181,1365,1816,3248,1462,1786,3071,1440,1631,3139,1489,1650,3152,1525,1627
"강남구","60~64",2911,997,1914,3093,1079,2014,3146,1107,2039,3386,1198,2188,3482,1304,2178
"강남구","65~69",2484,772,1712,2646,823,1823,2614,791,1823,2805,879,1926,3061,955,2106
"강남구","70~74",2016,568,1448,2174,609,1565,2299,668,1631,2470,708,1762,2697,783,1914
"강남구","75~79",1518,331,1187,1680,359,1321,1733,378,1355,1863,455,1408,2061,501,1560
"강남구","80~84",1011,167,844,1107,187,920,1188,210,978,1255,239,1016,1343,270,1073
"강남구","85세 이상",877,138,739,895,146,749,985,172,813,1097,202,895,1173,208,965
"송파구","합계",54409,24833,29576,58848,26901,31947,63451,28740,34711,68861,31036,37825,73694,32890,40804
"송파구","20세 미만",272,132,140,282,141,141,286,159,127,282,136,146,284,125,159
"송파구","20~24",2228,805,1423,2361,821,1540,2684,900,1784,2906,978,1928,3099,959,2140
"송파구","25~29",6994,2966,4028,8026,3522,4504,9374,4092,5282,10754,4623,6131,11972,4957,7015
"송파구","30~34",8846,4572,4274,9402,4843,4559,10066,5162,4904,11025,5697,5328,11929,6133,5796
"송파구","35~39",6708,3517,3191,7439,3877,3562,7975,4017,3958,8596,4352,4244,8942,4542,4400
"송파구","40~44",5169,2850,2319,5392,2945,2447,5462,2961,2501,5673,2954,2719,6143,3199,2944
"송파구","45~49",4579,2612,1967,4985,2822,2163,5118,2828,2290,5306,2958,2348,5334,2915,2419
"송파구","50~54",3560,1992,1568,3675,2023,1652,3887,2166,1721,4144,2301,1843,4388,2478,1910
"송파구","55~59",4077,1871,2206,4193,1951,2242,4243,2020,2223,4384,2119,2265,4341,2165,2176
"송파구","60~64",3390,1312,2078,3767,1451,2316,4320,1694,2626,4663,1834,2829,4938,1986,2952
"송파구","65~69",2683,880,1803,2936,1014,1922,3176,1067,2109,3448,1176,2272,3994,1358,2636
"송파구","70~74",2200,621,1579,2360,664,1696,2557,751,1806,2962,872,2090,3273,966,2307
"송파구","75~79",1723,375,1348,1865,471,1394,1996,526,1470,2182,554,1628,2295,578,1717
"송파구","80~84",1192,188,1004,1272,208,1064,1328,238,1090,1434,296,1138,1553,323,1230
"송파구","85세 이상",788,140,648,893,148,745,979,159,820,1102,186,916,1209,206,1003
"강동구","합계",39469,19318,20151,41050,20064,20986,42126,20404,21722,45188,21674,23514,50316,23817,26499
"강동구","20세 미만",158,72,86,162,71,91,144,64,80,157,68,89,152,56,96
"강동구","20~24",1453,519,934,1514,525,989,1580,489,1091,1859,598,1261,1971,611,1360
"강동구","25~29",4187,1889,2298,4460,2087,2373,4861,2273,2588,5687,2582,3105,6990,2988,4002
"강동구","30~34",4865,2850,2015,4878,2806,2072,4839,2700,2139,5270,2940,2330,6124,3412,2712
"강동구","35~39",3929,2280,1649,4180,2420,1760,4242,2468,1774,4403,2492,1911,4657,2614,2043
"강동구","40~44",3415,2092,1323,3394,2029,1365,3261,1904,1357,3306,1877,1429,3746,2111,1635
"강동구","45~49",3456,2152,1304,3556,2195,1361,3576,2177,1399,3631,2192,1439,3783,2246,1537
"강동구","50~54",3442,2069,1373,3248,1982,1266,3171,1961,1210,3332,2025,1307,3592,2184,1408
"강동구","55~59",3679,1878,1801,3920,2019,1901,3934,2036,1898,3886,2130,1756,3885,2176,1709
"강동구","60~64",3305,1395,1910,3531,1534,1997,3852,1707,2145,4134,1823,2311,4585,2032,2553
"강동구","65~69",2532,917,1615,2693,1000,1693,2773,1045,1728,3042,1174,1868,3663,1417,2246
"강동구","70~74",1887,559,1328,2051,640,1411,2253,723,1530,2500,833,1667,2809,939,1870
"강동구","75~79",1477,366,1111,1688,429,1259,1765,489,1276,1876,508,1368,2019,552,1467
"강동구","80~84",1010,189,821,1074,216,858,1126,241,885,1276,279,997,1385,308,1077
"강동구","85세 이상",674,91,583,701,111,590,749,127,622,829,153,676,955,171,784
